#count	frequency	CDR3nt	CDR3aa	V	D	J	C	cid	cid_full_length
8	8.333333e-02	TGTGCGAGAGGGCAGGACGGTGACTACGTGGGCGAGCCCGGGGAGTCTACTACTACTACTACATGGACGTCTGG	out_of_frame	IGHV1-3*01	IGHD1-26*01	IGHJ6*04	.	assemble1	0
6	6.250000e-02	TGTGCGAGGGGGCGAACGATAATATTGTAGTAGTACCAGCTGCTATCTTCCATTTGCTTTTGATATCTGG	out_of_frame	IGHV4-61*01	IGHD2-2*01	IGHJ3*02	.	assemble2	0
5	5.208333e-02	TGTGCGAGAGATGGTACCCCGGATGTAGTAGTACCAGCTGCTATGTTTCTTAAACCGGTTGTCTGACTACTGG	out_of_frame	IGHV4-59*01	IGHD2-2*01	IGHJ4*02	IGHM	assemble22	0
4	4.166667e-02	GGGGTATTACGATTTTTGGAGTGGTTATAAAAGCGGGGGTACTACTACTACGGTATGGACGTCTGG	GVLRFLEWL_KRGYYYYGMDVW	IGHV3-48*04	IGHD3-3*01	IGHJ6*02	IGHM	assemble10	0
3	3.125000e-02	TGTGCGAAAGATCTAGGAAAGGTAGTCGCCGTATAGCAGCTCGTCCGGAGGGGATTTCTTCCTACTACTACTACGGTATGGACGTCTGG	out_of_frame	IGHV3-NL1*01	IGHD6-6*01	IGHJ6*02	.	assemble36	0
3	3.125000e-02	TGTGCGAGAGACCCTCCCCGGAGCAGTGGCTGGTGGGCGTCCCCTCTTCGTTTTTGACTACTGG	out_of_frame	IGHV3-11*01	IGHD6-19*01	IGHJ4*02	IGHM	assemble5	0
3	3.125000e-02	TGTGCGAGACCCTATAGCAGCAGCTGGTACGAAAGTTTACTACTACTACTACGGTATGGACGTCTGG	out_of_frame	IGHV1-3*01	IGHD6-13*01	IGHJ6*02	IGHM	assemble37	0
3	3.125000e-02	TGTGCGAGAAATGGGAGTTCGGATTTTGATCCAATCTCCTCGGGGGATTGTAGTAGTACCAGCTGCCTACTACTACTACTACATGGACGTCTGG	out_of_frame	IGHV1-18*01	IGHD2-15*01	IGHJ6*04	IGHM	assemble13	0
3	3.125000e-02	TGTGCGAGAAAACCGACCCGGAAACGGATATTGTAGTGGTGGTAGCTGCTACTCGCGGTACCCTCTACACTTGGTTCGACCCCTGG	out_of_frame	IGHV3-69-1*01	IGHD2-15*01	IGHJ5*02	.	assemble12	0
3	3.125000e-02	TGTGCGAGCGCAGCACGGGATATTGTAGTGGTGGTAGCTGCTACGGTTCATTTATGACTACTGG	out_of_frame	IGHV3-11*04	IGHD2-15*01	IGHJ4*02	IGHM	assemble27	0
3	3.125000e-02	TGTGCGAGACAAGTGGGAGCGACCCTCATGATGCTTTTGATATCTGG	out_of_frame	IGHV5-51*01	IGHD1-26*01	IGHJ3*02	IGHM	assemble11	0
3	3.125000e-02	TGTGCGAAGGAGGTTGGGTGGTGACTGCTAGGGAAACTACTACTACGGTATGGACGTCTGG	out_of_frame	IGHV3-NL1*01	IGHD2-21*02	IGHJ6*02	.	assemble3	0
3	3.125000e-02	TGTGCAAGAGATGTAGGAGGGGTATTTCCATTGTAGTGGTGGTAGCTGCTATGCTGGTTCGACCCCTGG	CARDVGGVFPL_WW_LLCWFDPW	IGHV3-74*01	IGHD2-15*01	IGHJ5*02	IGHM	assemble26	0
2	2.083333e-02	TGTGCGGCTTTACTATGGTTCAGCCCGGGGTGCTTTTGATATCTGG	out_of_frame	IGHV3-41*02	IGHD3-10*01	IGHJ3*02	IGHM	assemble33	0
2	2.083333e-02	TGTGCGAGCAACGCTGGATTGTACTGGTGGTGTATGCTAAACAATGGATTTAGATCGAGGGGAAGAAGTTACTACTACTACTACATGGACGTCTGG	CASNAGLYWWCMLNNGFRSRGRSYYYYYMDVW	IGHV1-69*01	IGHD2-8*02	IGHJ6*04	IGHM	assemble9	0
2	2.083333e-02	TGTGGGGTTCGGGGAGTTAACATCGATAAGAAGTAATACTACTACTACTACGGTATGGACGTCTGG	CGVRGVNIDKK_YYYYYGMDVW	IGHV3-49*02	IGHD3-10*01	IGHJ6*02	IGHM	assemble61	0
2	2.083333e-02	TGTGCGAGAGTGCAAGTGACCTAATAGCAGTGGCTGGTACGATTCCATACTTTGACTACTGG	out_of_frame	IGHV1-46*01	IGHD6-19*01	IGHJ4*02	IGHM	assemble64	0
2	2.083333e-02	TGTGCGAGGGTACCCCGCGATGATAGTAGTGGTTAAACAACCCTTTGACTACTGG	out_of_frame	IGHV4-38-2*01	IGHD3-22*01	IGHJ4*02	IGHM	assemble19	0
2	2.083333e-02	TGTGCGATGGGGTGGGTCGGTCCTCGGGCAGTACAACTGGTTCGACCCCTGG	out_of_frame	IGHV1-3*01	IGHD1-1*01	IGHJ5*02	.	assemble39	0
2	2.083333e-02	TGTAGTGGTGGTAGCTGCTATAGTAAGTACTACTTTGACGACTGG	CSGGSCYSKYYFDDW	IGHV3-23*01	IGHD2-15*01	IGHJ4*02	IGHM	assemble46	0
2	2.083333e-02	TGTGCACGGCACCCGGGTCTGTGCCTAGTATTACTATGGTTCAGGGATACTACTACTACATGGACGTCTGG	out_of_frame	IGHV2-70*01	IGHD3-10*01	IGHJ6*04	IGHM	assemble44	0
2	2.083333e-02	TGTGTGTCCCTCAGAATTACTATGGTTCAGATTCGAACTCGAAGAACTACTACTACTACTACATGGACGTCTGG	out_of_frame	IGHV1-NL1*01	IGHD3-10*01	IGHJ6*04	IGHM	assemble28	0
2	2.083333e-02	TGTGCGAGAGATAGGGAGTTGTAGTAGTACCAGCTGCTGTCACGGGACTACTACTACTACTACTACATGGACGTCTGG	CARDREL__YQLLSRDYYYYYYMDVW	IGHV3-11*04	IGHD2-2*01	IGHJ6*04	IGHM	assemble30	0
2	2.083333e-02	TGTGCGAGAGATATTGTTGTAGTGGTGGTAGCTGCTACTCCCAGGGCCCAAATTTACTGG	CARDIVVVVVAATPRAQIYW	IGHV3-66*01	IGHD2-15*01	IGHJ4*02	IGHM	assemble34	0
2	2.083333e-02	TGTGCAAGAGACCTAAGACATACCAGCTGCTATACTTTGACTACTGG	out_of_frame	IGHV3-47*01	IGHD2-2*02	IGHJ4*02	IGHM	assemble15	0
2	2.083333e-02	TGTGCGAGAGGCGATACCCGGTATTACGATTTTTGGAGTGGTTATTATCCGCAAAGAGGACCAGGGCAGTCCTACTACTACTACGGTATGGACGTCTGG	CARGDTRYYDFWSGYYPQRGPGQSYYYYGMDVW	IGHV3-11*04	IGHD3-3*01	IGHJ6*02	IGHM	assemble41	0
2	2.083333e-02	TGTGCGAAAGACGTTGCAAGCACCAGGGCACTGCCGAAACCCCCAGTTGTAGTAGTACCAGCTGCTATCCCCTTTGACTACTGG	CAKDVASTRALPKPPVVVVPAAIPFDYW	IGHV3-23*01	IGHD2-2*01	IGHJ4*02	IGHM	assemble31	0
2	2.083333e-02	TGTTATTGTAGTAGTACCAGCTGCTATTACTACTACTACGGTATGGACGTCTGG	CYCSSTSCYYYYYGMDVW	IGHV3-13*01	IGHD2-2*01	IGHJ6*02	.	assemble20	0
2	2.083333e-02	TGTGCGAGAGAGGGATAGCAGTGGCTTGGGTACTACTACTACTACATGGACGTCTGG	CAREG_QWLGYYYYYMDVW	IGHV5-51*01	IGHD2/OR15-2b*01	IGHJ6*03	.	assemble40	0
1	1.041667e-02	TGTGCGAAAGATATACTAGTATGATAGTAGTGGTTATGGGTTCATTGTTTACTACTGG	out_of_frame	IGHV3-NL1*01	IGHD3-22*01	IGHJ4*02	IGHM	assemble75	0
1	1.041667e-02	TGTGCGAAAGATCTCCCGAACTTATGTATATGTCTGGTGGTTCGACCCCTGG	out_of_frame	IGHV3-NL1*01	IGHD2-8*02	IGHJ5*02	IGHM	assemble56	0
1	1.041667e-02	TGTGCGAGAGACTTAGCAGTGGCTCCCCCGGCTAGTACTACTTTGACTACTGG	out_of_frame	IGHV1-2*04	IGHD2/OR15-2b*01	IGHJ4*02	IGHM	assemble7	0
1	1.041667e-02	TGTGCGAGAGACCTCGGCCGTAGGTATAGCAGTGGCTGGTTCTGTTTCGACCCCTGG	CARDLGRRYSSGWFCFDPW	IGHV3-71*01	IGHD6-19*01	IGHJ5*02	.	assemble17	0
1	1.041667e-02	TGTGCGAGAGATGAGATTACGATATTTTGACTGGTTATTATCTGACCGAGCTGGTTTTGAGTTCCCTGAAATCCACCTAACCTGCGCAACTACTGG	CARDEITIF_LVII_PSWF_VP_NPPNLRNYW	IGHV1-3*01	IGHD3-9*01	IGHJ4*02	.	assemble57	0
1	1.041667e-02	TGTGCGAAAGATAGTAGTGGCTACGATTGAATGTTGACTACTGG	out_of_frame	IGHV3-NL1*01	IGHD5-12*01	IGHJ4*02	.	assemble58	0
1	1.041667e-02	TGTGCGAGAGACCGGCGTTCGTGATACAGCTATGGTTACCGGACACTCCTACTACTACATGGACGTCTGG	out_of_frame	IGHV1-18*01	IGHD5-18*01	IGHJ6*04	IGHM	assemble49	0
1	1.041667e-02	TGTGCGAGAGCTGTAACTTATATTGTAGTAGTACCAGCTGCGGGCTGACAGTTTACTACTACTACTACGGTATGGACGTCTGG	out_of_frame	IGHV1-3*01	IGHD2-2*01	IGHJ6*02	IGHM	assemble50	0
1	1.041667e-02	TGTGCGAGAGATCGGAGATACCCCTTGACAAGGTATAGCAGTGGCTGGTACGAAATTAATGATGCTTTTGATATCTGG	CARDRRYPLTRYSSGWYEINDAFDIW	IGHV3-11*01	IGHD6-19*01	IGHJ3*02	.	assemble69	0
1	1.041667e-02	TGTGCGAACGGAGGCAGCAGAAAGGTGTCTTGGGATGGTTCGACCCCTGG	out_of_frame	IGHV3-NL1*01	IGHD3-10*01	IGHJ5*02	.	assemble53	0
1	1.041667e-02	TGTGTGAGAGGGGCCATCCCCTACGGTGAGTAAACACGAATATTACTACTACTACTACATGGACGTCTGG	out_of_frame	IGHV3-52*01	IGHD4-23*01	IGHJ6*04	IGHM	assemble60	0
1	1.041667e-02	TGTGCGAGAGACCCCTATTACTATGATAGTAGTGGTTATATGCCGTGACCCAGCTCGACCCCTGG	out_of_frame	IGHV4-59*01	IGHD3-22*01	IGHJ5*02	.	assemble79	0
1	1.041667e-02	TGTGCGAGGACCGGCCCTATAGCAGTGGCTGGTTTCACTAGGTTACTGG	out_of_frame	IGHV1-46*01	IGHD6-19*01	IGHJ4*02	.	assemble77	0
1	1.041667e-02	TGTGCGAGAGATGGAAGCGGCGTATTACGATTTTTGGAGTGGTTCTTCCGACCATACTACTACTACTACATGGACGTCTGG	CARDGSGVLRFLEWFFRPYYYYYMDVW	IGHV3-11*04	IGHD3-3*01	IGHJ6*04	IGHM	assemble67	0
